{
    "medium": {
        "comp1-2024/comp1-2024_01": {
            "ad": {
                "wer": 0.04602717167558666,
                "mer": 0.04598552155314248,
                "wil": 0.07193039271392021,
                "wip": 0.9280696072860798,
                "cer": 0.023910992055036377
            },
            "es": {
                "wer": 0.04602717167558666,
                "mer": 0.04598552155314248,
                "wil": 0.07193039271392021,
                "wip": 0.9280696072860798,
                "cer": 0.023910992055036377
            }
        },
        "comp1-2024/comp1-2024_02": {
            "ad": {
                "wer": 0.08685245341083946,
                "mer": 0.08501380637603548,
                "wil": 0.1204055983745711,
                "wip": 0.8795944016254289,
                "cer": 0.05238656723274582
            },
            "es": {
                "wer": 0.04274234911950761,
                "mer": 0.04247005860868088,
                "wil": 0.05781086959068327,
                "wip": 0.9421891304093167,
                "cer": 0.027165673858781374
            }
        }
    },
    "small": {
        "comp1-2024/comp1-2024_01": {
            "ad": {
                "wer": 0.15092630712227253,
                "mer": 0.14896383583908981,
                "wil": 0.2484844472747202,
                "wip": 0.7515155527252798,
                "cer": 0.054168822866883806
            },
            "es": {
                "wer": 0.15092630712227253,
                "mer": 0.14896383583908981,
                "wil": 0.2484844472747202,
                "wip": 0.7515155527252798,
                "cer": 0.054168822866883806
            }
        },
        "comp1-2024/comp1-2024_02": {
            "ad": {
                "wer": 0.13942554282783381,
                "mer": 0.13776501393698792,
                "wil": 0.2197105309600177,
                "wip": 0.7802894690399823,
                "cer": 0.05959909958194876
            },
            "es": {
                "wer": 0.23439904257137972,
                "mer": 0.22848095992000667,
                "wil": 0.3724503665359571,
                "wip": 0.6275496334640429,
                "cer": 0.08122138339739368
            }
        }
    },
    "base": {
        "comp1-2024/comp1-2024_01": {
            "ad": {
                "wer": 0.20312885961300947,
                "mer": 0.19969240731746804,
                "wil": 0.3243676943278594,
                "wip": 0.6756323056721406,
                "cer": 0.07698395787038446
            },
            "es": {
                "wer": 0.1981062165500206,
                "mer": 0.19494409333981527,
                "wil": 0.31794049512619205,
                "wip": 0.682059504873808,
                "cer": 0.0743051961888527
            }
        },
        "comp1-2024/comp1-2024_02": {
            "ad": {
                "wer": 0.19900837750042744,
                "mer": 0.19515466510185261,
                "wil": 0.3144326447365122,
                "wip": 0.6855673552634878,
                "cer": 0.077301195963432
            },
            "es": {
                "wer": 0.20789878611728502,
                "mer": 0.20334448160535118,
                "wil": 0.3268096030935377,
                "wip": 0.6731903969064623,
                "cer": 0.08065479380732891
            }
        }
    }
}